-- =====================================================
-- Estructura de Base de Datos
-- 24/09/14
-- BD creada para almacenar la información que sera 
-- utilizada en el sitio del CBTa 188
-- =====================================================

-- ------------------------------------------------
-- Base de datos 
-- ------------------------------------------------
CREATE DATABASE `cbta188` CHARACTER SET utf8 COLLATE utf8_general_ci;
GRANT ALL ON `cbta188`.* TO `root`@localhost IDENTIFIED BY '';
FLUSH PRIVILEGES;

use cbta188;

-- ------------------------------------------------
-- Profesor
-- ------------------------------------------------
DROP TABLE IF EXISTS Profesor;
CREATE TABLE IF NOT EXISTS Profesor (
	id_docente VARCHAR(15) NOT NULL,
	password VARCHAR(100) NOT NULL,
	nombre VARCHAR(100) NOT NULL,
	PRIMARY KEY (id_docente)
) COMMENT = 'Contiene la informacion necesaria para identificar a los profesores';

-- ------------------------------------------------
-- Informacion del Profesor
-- ------------------------------------------------
DROP TABLE IF EXISTS ProfesorData;
CREATE TABLE IF NOT EXISTS ProfesorData (
	id_docente VARCHAR(15) NOT NULL,
	edad INT(3),
	email VARCHAR(100),
	profesion VARCHAR(100),
	certificaciones VARCHAR(150),
	intereses VARCHAR(150),
	citas VARCHAR(150),
	detalles VARCHAR(200),
	url VARCHAR(200),
	PRIMARY KEY (id_docente),
	FOREIGN KEY (id_docente) REFERENCES Profesor(id_docente)
) COMMENT = 'Contiene la informacion adicional de los profesores';

-- ------------------------------------------------
-- Materia
-- ------------------------------------------------
DROP TABLE IF EXISTS Materia;
CREATE TABLE IF NOT EXISTS Materia (
	clave CHAR(10) NOT NULL,
	nombre VARCHAR(80) NOT NULL,
	PRIMARY KEY (clave)
) COMMENT = 'Contiene las materias impartidas';

-- ------------------------------------------------
-- Grupo
-- ------------------------------------------------
DROP TABLE IF EXISTS Grupo;
CREATE TABLE IF NOT EXISTS Grupo (
	clave CHAR(10) NOT NULL,
	nombre VARCHAR(100) NOT NULL,
	semestre VARCHAR(30),
	PRIMARY KEY (clave)
) COMMENT = 'Contiene los grupos existentes';

-- ------------------------------------------------
-- AlumnoData
-- ------------------------------------------------
DROP TABLE IF EXISTS AlumnoData;
CREATE TABLE IF NOT EXISTS AlumnoData (
	no_control VARCHAR(15) NOT NULL,
	nombre VARCHAR(100) NOT NULL,
	apaterno VARCHAR(100) NOT NULL,
	amaterno VARCHAR(100),
	grupo CHAR(10) NOT NULL,
	PRIMARY KEY (no_control),
	FOREIGN KEY (grupo) REFERENCES Grupo(clave)
) COMMENT = 'Contiene la informacion de los ALUMNOS';

-- ------------------------------------------------
-- AlumnoEntity 
-- ------------------------------------------------
DROP TABLE IF EXISTS AlumnoEntity;
CREATE TABLE IF NOT EXISTS AlumnoEntity (
	no_control VARCHAR(15) NOT NULL,
	email VARCHAR(100),
	curp VARCHAR(18),
	edad INT(3),
	FOREIGN KEY (no_control) REFERENCES AlumnoData(no_control),
	PRIMARY KEY (no_control)
) COMMENT = 'Se usa para el logueo de usuarios';

-- ------------------------------------------------
-- HorarioDocente
-- ------------------------------------------------
DROP TABLE IF EXISTS HorarioDocente;
CREATE TABLE IF NOT EXISTS HorarioDocente (
	id_registro INT NOT NULL AUTO_INCREMENT,
	docente VARCHAR(100) NOT NULL,
	grupo CHAR(10) NOT NULL,
	materia CHAR(10) NOT NULL,
	PRIMARY KEY(id_registro),
	FOREIGN KEY (docente) REFERENCES Profesor(id_docente),
	FOREIGN KEY (grupo) REFERENCES Grupo(clave),
	FOREIGN KEY (materia) REFERENCES Materia(clave)
) COMMENT = 'Contiene el horario de los docentes (grupo, materia)';


-- ------------------------------------------------
-- Calificaciones
-- ------------------------------------------------
DROP TABLE IF EXISTS Calificaciones;
CREATE TABLE IF NOT EXISTS Calificaciones (
	id_calificacion INT AUTO_INCREMENT,
	alumno VARCHAR(15) NOT NULL,
	materia CHAR(10) NOT NULL,
	docente VARCHAR(100) NOT NULL,
	calificacion DECIMAL(3,1) NOT NULL,
	FOREIGN KEY (alumno) REFERENCES AlumnoData(no_control),
	FOREIGN KEY (materia) REFERENCES Materia(clave),
	FOREIGN KEY (docente) REFERENCES Profesor(id_docente),
	PRIMARY KEY(id_calificacion)
) COMMENT = 'Contiene todas las calificaciones registradas';


-- =====================================================
-- Volcado de datos generales para la BD del CBTa
-- Actulizada 22/Nov/14
-- =====================================================

-- ------------------------------------------------
-- Insercion de datos
-- ------------------------------------------------
INSERT INTO Profesor VALUES("alfl@cbta188",SHA("1234567890"),"LETICIA ALVARADO FELIX");
INSERT INTO Profesor VALUES("chcs@cbta188",SHA("1234567890"),"SERGIO CHAIREZ COLUNGA");
INSERT INTO Profesor VALUES("gotr@cbta188",SHA("1234567890"),"RUBEN GONZALEZ TRIANA");
INSERT INTO Profesor VALUES("nurb@cbta188",SHA("1234567890"),"BERMUNDO NUÑEZ REVELES");
INSERT INTO Profesor VALUES("mamj@cbta188",SHA("1234567890"),"JOSÉ LUIS MARTINEZ MARTINEZ");
INSERT INTO Profesor VALUES("vevp@cbta188",SHA("1234567890"),"PEDRO VELAZQUEZ VALLE");
INSERT INTO Profesor VALUES("cacm@cbta188",SHA("1234567890"),"MARTINA CABRERA CORVERA");
INSERT INTO Profesor VALUES("raar@cbta188",SHA("1234567890"),"RAFAEL RADA ALANIZ");
INSERT INTO Profesor VALUES("ceoa@cbta188",SHA("1234567890"),"ANDRES FERNANDO CERROS ORTEGA");
INSERT INTO Profesor VALUES("robp@cbta188",SHA("1234567890"),"PAMELA RODRIGUEZ BOTELLO");
INSERT INTO Profesor VALUES("almj@cbta188",SHA("1234567890"),"JOSE BALTAZAR ALVARADO MARTINEZ");
INSERT INTO Profesor VALUES("vadg@cbta188",SHA("1234567890"),"GUADALUPE VARGAS DIAZ");
INSERT INTO Profesor VALUES("rasj@cbta188",SHA("1234567890"),"JANETH ALEJANDRA RAYGOZA SOLIS");
INSERT INTO Profesor VALUES("marx@cbta188",SHA("1234567890"),"XOCHITL MARTINEZ RAMIREZ");
INSERT INTO Profesor VALUES("aglb@cbta188",SHA("1234567890"),"BERNARDO AGUILAR LOZANO");
INSERT INTO Profesor VALUES("bara@cbta188",SHA("1234567890"),"AMANDA BARAJAS RODRIGUEZ");
INSERT INTO Profesor VALUES("bamm@cbta188",SHA("1234567890"),"MARIO ALBERTO BAZALDUA MACIAS");
INSERT INTO Profesor VALUES("brri@cbta188",SHA("1234567890"),"ISRAEL BRITO REVELES");
INSERT INTO Profesor VALUES("sagm@cbta188",SHA("1234567890"),"MA. CONCEPCION SANCHEZ GONZALEZ");
INSERT INTO Profesor VALUES("elbb@cbta188",SHA("1234567890"),"BRENDA E. ELIAS  BENAVIDES");
INSERT INTO Profesor VALUES("aral@cbta188",SHA("1234567890"),"LIZBETH A. ARROLLO ARIAS");
INSERT INTO Profesor VALUES("orsj@cbta188",SHA("1234567890"),"JUAN RAMON ORTIZ SANCHEZ");
INSERT INTO Profesor VALUES("macb@cbta188",SHA("1234567890"),"BLANCA SILVIA MARQUEZ CASAS");
INSERT INTO Profesor VALUES("lovj@cbta188",SHA("1234567890"),"JAVIER DE JESUS LOERA VILLASANA");

-- ------------------------------------------------
-- Materia
-- ------------------------------------------------
INSERT INTO Materia VALUES("QUI1", "QUIMICA I");
INSERT INTO Materia VALUES("ALG", "ALGEBRA");
INSERT INTO Materia VALUES("ING1", "INGLES I");
INSERT INTO Materia VALUES("LOG", "LOGICA");
INSERT INTO Materia VALUES("LEO", "LECTURA EXPRESION ORAL Y ESCRITA I");
INSERT INTO Materia VALUES("TIC", "TECNOLOGIAS DE LA INFORMACION Y LA COMUNICACION");
INSERT INTO Materia VALUES("GEO", "GEOMETRIA ANALITICA");
INSERT INTO Materia VALUES("BIO", "BIOLOGIA");
INSERT INTO Materia VALUES("ETI", "ETICA");
INSERT INTO Materia VALUES("ING3", "INGLES III");
INSERT INTO Materia VALUES("FIS2", "FISICA II");
INSERT INTO Materia VALUES("PYE", "PROBABILIDAD Y ESTADISTICA");
INSERT INTO Materia VALUES("ING5", "INGLES V");
INSERT INTO Materia VALUES("CTS3", "CIENCIA TECNOLOGIA SOCIEDAD Y VALORES");

INSERT INTO Materia VALUES("TAM2S1", "SUB1: MANEJO DEL AGUA Y EL SUELO");
INSERT INTO Materia VALUES("TAM2S2", "SUB2: PRODUCE PLANTAS PARA LAS ACTIVIDADES AGRICOLAS");
INSERT INTO Materia VALUES("TAM2S3", "SUB3: CULTIVAR PLANTAS REGIONALES");

INSERT INTO Materia VALUES("TAM4S1", "SUB1: ELABORA PRODUCTOS HORTOFRUTICOLAS");
INSERT INTO Materia VALUES("TAM4S2", "SUB2: ELABORA PRODUCTOS LACTEOS");
INSERT INTO Materia VALUES("TAM4S3", "SUB3: ELABORA PRODUCTOS CARNICOS");

INSERT INTO Materia VALUES("TEM2S1", "SUB1: IDENTIFICA OPORTUNIDADES DE NEGOCIO");
INSERT INTO Materia VALUES("TEM2S2", "SUB2: IMPULSA IDEAS FACTIBLES DE NEGOCIO");

INSERT INTO Materia VALUES("TEM4S1", "SUB1: TEC. EN ADMON. SUBMODULO 1");
INSERT INTO Materia VALUES("TEM4S2", "SUB1: TEC. EN ADMON. SUBMODULO 2");

INSERT INTO Materia VALUES("TIM2S1", "UTILIZACION DE SOFTWARE DE DISEÑO PARA EL MANEJO DE GRAFICOS");
INSERT INTO Materia VALUES("TIM2S2", "PRODUCCION DE ANIMACION CON ELEMENTOS MULTIMEDIA");
INSERT INTO Materia VALUES("TIM2S3", "ELABORACION DE PAGINAS WEB");

INSERT INTO Materia VALUES("TIM4S1", "ENSAMBLAR Y CONFIGURAR EQUIPO DE COMPUTO");
INSERT INTO Materia VALUES("TIM4S2", "APLICA MANTENIMIENTO CORRECTIVO A EQUIPO DE COMPUTO");

-- ------------------------------------------------
-- Grupo
-- ------------------------------------------------
INSERT INTO Grupo VALUES("1A", "1º 'A'", "1er Semestre");
INSERT INTO Grupo VALUES("1B", "1º 'B'", "1er Semestre");
INSERT INTO Grupo VALUES("1C", "1º 'C'", "1er Semestre");
INSERT INTO Grupo VALUES("1D", "1º 'D'", "1er Semestre");

INSERT INTO Grupo VALUES("3TAA", "T. Agropecuario", "3er Semestre");
INSERT INTO Grupo VALUES("3TIA", "T. Informatica Grupo A", "3er Semestre");
INSERT INTO Grupo VALUES("3TIB", "T. Informatica Grupo B", "3er Semestre");
INSERT INTO Grupo VALUES("3TADA", "T. Administracion", "3er Semestre");

INSERT INTO Grupo VALUES("5TAA", "T. Agropecuario", "5to Semestre");
INSERT INTO Grupo VALUES("5TIA", "T. Informatica Grupo A", "5to Semestre");
INSERT INTO Grupo VALUES("5TIB", "T. Informatica Grupo B", "5to Semestre");
INSERT INTO Grupo VALUES("5TADA", "T. Administracion", "5to Semestre");

-- ------------------------------------------------
-- HorarioDocente
-- ------------------------------------------------
-- Formacion basica
INSERT INTO HorarioDocente VALUES (NULL, "alfl@cbta188", "1A", "QUI1");
INSERT INTO HorarioDocente VALUES (NULL, "alfl@cbta188", "1B", "QUI1");

INSERT INTO HorarioDocente VALUES (NULL, "chcs@cbta188", "1C", "QUI1");
INSERT INTO HorarioDocente VALUES (NULL, "chcs@cbta188", "1D", "QUI1");

INSERT INTO HorarioDocente VALUES (NULL, "ceoa@cbta188", "1A", "ALG");
INSERT INTO HorarioDocente VALUES (NULL, "ceoa@cbta188", "1B", "ALG");

INSERT INTO HorarioDocente VALUES (NULL, "gotr@cbta188", "1C", "ALG");
INSERT INTO HorarioDocente VALUES (NULL, "nurb@cbta188", "1D", "ALG");

INSERT INTO HorarioDocente VALUES (NULL, "mamj@cbta188", "1A", "ING1");
INSERT INTO HorarioDocente VALUES (NULL, "mamj@cbta188", "1B", "ING1");

INSERT INTO HorarioDocente VALUES (NULL, "vevp@cbta188", "1C", "ING1");
INSERT INTO HorarioDocente VALUES (NULL, "vevp@cbta188", "1D", "ING1");

INSERT INTO HorarioDocente VALUES (NULL, "vadg@cbta188", "1A", "LOG");
INSERT INTO HorarioDocente VALUES (NULL, "vadg@cbta188", "1B", "LOG");

INSERT INTO HorarioDocente VALUES (NULL, "rasj@cbta188", "1C", "LOG");
INSERT INTO HorarioDocente VALUES (NULL, "rasj@cbta188", "1D", "LOG");

INSERT INTO HorarioDocente VALUES (NULL, "cacm@cbta188", "1A", "LEO");
INSERT INTO HorarioDocente VALUES (NULL, "cacm@cbta188", "1B", "LEO");
INSERT INTO HorarioDocente VALUES (NULL, "cacm@cbta188", "1C", "LEO");
INSERT INTO HorarioDocente VALUES (NULL, "cacm@cbta188", "1D", "LEO");

INSERT INTO HorarioDocente VALUES (NULL, "raar@cbta188", "1A", "TIC");
INSERT INTO HorarioDocente VALUES (NULL, "raar@cbta188", "1B", "TIC");
INSERT INTO HorarioDocente VALUES (NULL, "raar@cbta188", "1C", "TIC");
INSERT INTO HorarioDocente VALUES (NULL, "raar@cbta188", "1D", "TIC");

INSERT INTO HorarioDocente VALUES (NULL, "ceoa@cbta188", "3TAA", "GEO");
INSERT INTO HorarioDocente VALUES (NULL, "ceoa@cbta188", "3TIA", "GEO");

INSERT INTO HorarioDocente VALUES (NULL, "robp@cbta188", "3TIB", "GEO");
INSERT INTO HorarioDocente VALUES (NULL, "robp@cbta188", "3TADA", "GEO");

INSERT INTO HorarioDocente VALUES (NULL, "almj@cbta188", "3TAA", "BIO");
INSERT INTO HorarioDocente VALUES (NULL, "almj@cbta188", "3TIA", "BIO");
INSERT INTO HorarioDocente VALUES (NULL, "almj@cbta188", "3TIB", "BIO");
INSERT INTO HorarioDocente VALUES (NULL, "almj@cbta188", "3TADA", "BIO");

INSERT INTO HorarioDocente VALUES (NULL, "vadg@cbta188", "3TAA", "ETI");
INSERT INTO HorarioDocente VALUES (NULL, "vadg@cbta188", "3TIA", "ETI");
INSERT INTO HorarioDocente VALUES (NULL, "rasj@cbta188", "3TIB", "ETI");
INSERT INTO HorarioDocente VALUES (NULL, "marx@cbta188", "3TADA", "ETI");

INSERT INTO HorarioDocente VALUES (NULL, "mamj@cbta188", "3TAA", "ING3");
INSERT INTO HorarioDocente VALUES (NULL, "mamj@cbta188", "3TIA", "ING3");
INSERT INTO HorarioDocente VALUES (NULL, "vevp@cbta188", "3TIB", "ING3");
INSERT INTO HorarioDocente VALUES (NULL, "vevp@cbta188", "3TADA", "ING3");

INSERT INTO HorarioDocente VALUES (NULL, "chcs@cbta188", "3TAA", "FIS2");
INSERT INTO HorarioDocente VALUES (NULL, "chcs@cbta188", "3TIA", "FIS2");
INSERT INTO HorarioDocente VALUES (NULL, "gotr@cbta188", "3TIB", "FIS2");
INSERT INTO HorarioDocente VALUES (NULL, "gotr@cbta188", "3TADA", "FIS2");

INSERT INTO HorarioDocente VALUES (NULL, "robp@cbta188", "3TAA", "PYE");
INSERT INTO HorarioDocente VALUES (NULL, "robp@cbta188", "3TIA", "PYE");
INSERT INTO HorarioDocente VALUES (NULL, "robp@cbta188", "3TIB", "PYE");
INSERT INTO HorarioDocente VALUES (NULL, "robp@cbta188", "3TADA", "PYE");

INSERT INTO HorarioDocente VALUES (NULL, "mamj@cbta188", "3TAA", "ING5");
INSERT INTO HorarioDocente VALUES (NULL, "mamj@cbta188", "3TIA", "ING5");
INSERT INTO HorarioDocente VALUES (NULL, "vevp@cbta188", "3TIB", "ING5");
INSERT INTO HorarioDocente VALUES (NULL, "vevp@cbta188", "3TADA", "ING5");

INSERT INTO HorarioDocente VALUES (NULL, "vadg@cbta188", "3TAA", "CTS3");
INSERT INTO HorarioDocente VALUES (NULL, "aglb@cbta188", "3TIA", "CTS3");
INSERT INTO HorarioDocente VALUES (NULL, "aglb@cbta188", "3TIB", "CTS3");
INSERT INTO HorarioDocente VALUES (NULL, "aglb@cbta188", "3TADA", "CTS3");

-- Componentes de Formacion Profesional
-- Agropecuario
INSERT INTO HorarioDocente VALUES (NULL, "bara@cbta188", "3TAA", "TAM2S1");
INSERT INTO HorarioDocente VALUES (NULL, "chcs@cbta188", "3TAA", "TAM2S2");
INSERT INTO HorarioDocente VALUES (NULL, "nurb@cbta188", "3TAA", "TAM2S3");

INSERT INTO HorarioDocente VALUES (NULL, "bamm@cbta188", "5TAA", "TAM4S1");
INSERT INTO HorarioDocente VALUES (NULL, "bamm@cbta188", "5TAA", "TAM4S2");
INSERT INTO HorarioDocente VALUES (NULL, "brri@cbta188", "5TAA", "TAM4S3");

-- Administracion
INSERT INTO HorarioDocente VALUES (NULL, "sagm@cbta188", "3TADA", "TEM2S1");
INSERT INTO HorarioDocente VALUES (NULL, "elbb@cbta188", "3TADA", "TEM2S2");

INSERT INTO HorarioDocente VALUES (NULL, "sagm@cbta188", "5TADA", "TEM4S1");
INSERT INTO HorarioDocente VALUES (NULL, "sagm@cbta188", "5TADA", "TEM4S2");

-- Informatica A
INSERT INTO HorarioDocente VALUES (NULL, "aral@cbta188", "3TIA", "TIM2S1");
INSERT INTO HorarioDocente VALUES (NULL, "aral@cbta188", "3TIA", "TIM2S2");
INSERT INTO HorarioDocente VALUES (NULL, "aral@cbta188", "3TIA", "TIM2S3");

INSERT INTO HorarioDocente VALUES (NULL, "orsj@cbta188", "5TIA", "TIM4S1");
INSERT INTO HorarioDocente VALUES (NULL, "orsj@cbta188", "5TIA", "TIM4S2");

-- Informatica B
INSERT INTO HorarioDocente VALUES (NULL, "macb@cbta188", "3TIB", "TIM2S1");
INSERT INTO HorarioDocente VALUES (NULL, "lovj@cbta188", "3TIB", "TIM2S2");
INSERT INTO HorarioDocente VALUES (NULL, "lovj@cbta188", "3TIB", "TIM2S3");

INSERT INTO HorarioDocente VALUES (NULL, "macb@cbta188", "5TIB", "TIM4S1");
INSERT INTO HorarioDocente VALUES (NULL, "macb@cbta188", "5TIB", "TIM4S2");


-- =====================================================
-- Volcado de datos de alumnos para la BD del CBTa
-- Actulizada 22/Nov/14
-- =====================================================

-- ------------------------------------------------
-- AlumnoData
-- ------------------------------------------------
INSERT INTO AlumnoData VALUES ("14132011881212", "JACINTO GUADALUPE ", "ALBINO ", "RODRIGUEZ ", "1A");
INSERT INTO AlumnoData VALUES ("14132011881213", "LILIA DEL ROSARIO", "ANGON ", "LEYVA ", "1A");
INSERT INTO AlumnoData VALUES ("14132011881214", "LUZ VIRIDIANA", "ARELLANO ", "IBAÑEZ ", "1A");
INSERT INTO AlumnoData VALUES ("14132011881215", "MELISSA", "BAJONERO ", "GARCIA", "1A");
INSERT INTO AlumnoData VALUES ("14132011881216", "ADRIANA SARAID", "BARAJAS ", "MAGALLANES ", "1A");
INSERT INTO AlumnoData VALUES ("14132011881217", "JONATHAN", "BARRETO ", "CEBALLOS ", "1A");
INSERT INTO AlumnoData VALUES ("14132011881218", "URIEL ANTONIO", "BUENDIA ", "SALCEDO ", "1A");
INSERT INTO AlumnoData VALUES ("14132011881219", "MIRNA BERENICE", "CARRILLO ", "PIÑA ", "1A");
INSERT INTO AlumnoData VALUES ("14132011881220", "ALEJANDRO", "CHAVEZ ", "RODRIGUEZ", "1A");
INSERT INTO AlumnoData VALUES ("14132011881221", "ALAN ROSALIO", "CORTEZ ", "LOPEZ ", "1A");
INSERT INTO AlumnoData VALUES ("14132011881222", "CRISTIAN", "DE LA ROSA ", "GONZALEZ ", "1A");
INSERT INTO AlumnoData VALUES ("14132011881223", "MANUELA", "DE LARA ", "DE LA CRUZ ", "1A");
INSERT INTO AlumnoData VALUES ("14132011881224", "JESUS MANUEL", "ENRIQUEZ ", "TRUJILLO ", "1A");
INSERT INTO AlumnoData VALUES ("14132011881225", "DIANA LAURA", "ESCAREÑO ", "RIOS", "1A");
INSERT INTO AlumnoData VALUES ("14132011881226", "NOELIA LIZBETH", "FLORES ", "HERNANDEZ", "1A");
INSERT INTO AlumnoData VALUES ("14132011881227", "JOANNA", "FLORES", "ONTIVEROS", "1A");
INSERT INTO AlumnoData VALUES ("14132011881228", "YENIFER", "GARAY ", "ESCAREÑO ", "1A");
INSERT INTO AlumnoData VALUES ("14132011881229", "SERGIO", "GOMEZ ", "JIMENEZ ", "1A");
INSERT INTO AlumnoData VALUES ("14132011881230", "LUZ JIMENA", "HERNANDEZ ", "ESCAREÑO ", "1A");
INSERT INTO AlumnoData VALUES ("14132011881231", "JUAN ANDRES", "HERNANDEZ ", "LEDEZMA ", "1A");
INSERT INTO AlumnoData VALUES ("13132011881159", "NICOLAS GUADALUPE ", "HERNANDEZ  ", "MARTINEZ ", "1A");
INSERT INTO AlumnoData VALUES ("14132011881232", "JOSE ERNESTO", "HUERTA", "MONROY ", "1A");
INSERT INTO AlumnoData VALUES ("13132011881126", "ADOLFO", "LAMAS ", "ESCAREÑO", "1A");
INSERT INTO AlumnoData VALUES ("14132011881233", "MARIANA", "LEAÑOS ", "LEAÑOS ", "1A");
INSERT INTO AlumnoData VALUES ("14132011881234", "YULIZA", "MARQUEZ", "CALDERA", "1A");
INSERT INTO AlumnoData VALUES ("14132011881235", "LUIS MIGUEL ", "MARQUEZ  ", "JIMENEZ ", "1A");
INSERT INTO AlumnoData VALUES ("14132011881236", "CHRISTIAN ROMUALDO", "MEJIA ", "RODRIGUEZ", "1A");
INSERT INTO AlumnoData VALUES ("13132011881100", "VICTOR MANUEL ", "MENDEZ ", "MURILLO", "1A");
INSERT INTO AlumnoData VALUES ("14132011881237", "BECSI LIZBETH", "MONTALVO ", "GUERRERO ", "1A");
INSERT INTO AlumnoData VALUES ("14132011881238", "ERNESTO", "MONTALVO ", "MORALES ", "1A");
INSERT INTO AlumnoData VALUES ("14132011881239", "ALDAIR", "MORALES ", "GALVEZ ", "1A");
INSERT INTO AlumnoData VALUES ("14132011881240", "JAZMIN", "ORTEGA ", "VALLE ", "1A");
INSERT INTO AlumnoData VALUES ("14132011881241", "MIRNA BELEN", "PIÑA", "MARQUEZ ", "1A");
INSERT INTO AlumnoData VALUES ("14132011881242", "CLAUDIA ", "PLASCENCIA ", "RENTERIA ", "1A");
INSERT INTO AlumnoData VALUES ("14132011881243", "ELIZABETH GUADALUPE", "PUENTES ", "RODRIGUEZ ", "1A");
INSERT INTO AlumnoData VALUES ("14132011881244", "ALEJANDRO ", "RAMIREZ ", "AMARO ", "1A");
INSERT INTO AlumnoData VALUES ("14132011881245", "ALONSO", "RAMIREZ ", "MONTALVO ", "1A");
INSERT INTO AlumnoData VALUES ("14132011881246", "JESSICA MONTSERRAT", "RIVAS", "MARQUEZ ", "1A");
INSERT INTO AlumnoData VALUES ("14132011881247", "CESAR ANDRES ", "ROSALES ", "ALVAREZ ", "1A");
INSERT INTO AlumnoData VALUES ("14132011881248", "ANASIDELIA ", "RUIZ ", "ESCOBEDO ", "1A");
INSERT INTO AlumnoData VALUES ("14132011881249", "ROSARIO XOCHITL", "SOSA ", "RAMIREZ ", "1A");
INSERT INTO AlumnoData VALUES ("14132011881250", "FRANCISCO DANIEL", "TORRES ", "RAMOS ", "1A");

INSERT INTO AlumnoData VALUES ("14132011881251", "JESSICA GUADALUPE ", "ALBINO ", "VALENZUELA ", "1B");
INSERT INTO AlumnoData VALUES ("14132011881252", "MARIO", "ALMENGOR ", "HERNANDEZ ", "1B");
INSERT INTO AlumnoData VALUES ("14132011881253", "ESTEBAN", "AVILA ", "AGUAYO ", "1B");
INSERT INTO AlumnoData VALUES ("14132011881254", "BRISA ALEJANDRA", "AVILA ", "ANGON ", "1B");
INSERT INTO AlumnoData VALUES ("14132011881255", "DEVANY", "CERROS ", "GUTIERREZ ", "1B");
INSERT INTO AlumnoData VALUES ("14132011881256", "RAFAEL CATARINO", "COLLAZO", "PEREZ ", "1B");
INSERT INTO AlumnoData VALUES ("14132011881257", "ESTHEFANÍA GUADALUPE", "CORVERA ", "VARGAS ", "1B");
INSERT INTO AlumnoData VALUES ("13132011881151", "LIZBETH ", "DE LA TORRE ", "SANCHEZ ", "1B");
INSERT INTO AlumnoData VALUES ("14132011881258", "LIZBETH", "DE LOERA ", "MONTALVO ", "1B");
INSERT INTO AlumnoData VALUES ("14132011881259", "DANIEL GUADALUPE", "DELGADO ", "GALVEZ ", "1B");
INSERT INTO AlumnoData VALUES ("14132011881260", "MANUELA DE JESÚS", "ECHEVERRIA ", "RODRIGUEZ ", "1B");
INSERT INTO AlumnoData VALUES ("14132011881261", "JESUS EDUARDO", "FERNANDEZ ", "SANCHEZ ", "1B");
INSERT INTO AlumnoData VALUES ("14132011881262", "JULIANA", "GARCIA ", "ESCOBEDO ", "1B");
INSERT INTO AlumnoData VALUES ("14132011881263", "OSVALDO", "GARCIA ", "GUTIERREZ ", "1B");
INSERT INTO AlumnoData VALUES ("14132011881264", "JUAN FELIPE ", "GARCIA", "LAMAS ", "1B");
INSERT INTO AlumnoData VALUES ("13132011881123", "CARLOS DANIEL", "GONZALEZ ", "CARRILLO ", "1B");
INSERT INTO AlumnoData VALUES ("14132011881265", "ZAYLET LEYNALI", "GONZALEZ", "JIMENEZ ", "1B");
INSERT INTO AlumnoData VALUES ("14132011881266", "DANIELA", "HERNANDEZ ", "HERNANDEZ", "1B");
INSERT INTO AlumnoData VALUES ("14132011881267", "PAOLA CAROLINA", "MARQUEZ", "PAYAN ", "1B");
INSERT INTO AlumnoData VALUES ("14132011881268", "VICTORIA LIZBETH", "MARQUEZ", "VAZQUEZ", "1B");
INSERT INTO AlumnoData VALUES ("14132011881269", "VANESSA ALEJANDRA ", "MARTINEZ ", "BRISEÑO ", "1B");
INSERT INTO AlumnoData VALUES ("13132011881162", "DANIEL ", "MARTINEZ ", "DE AVILA ", "1B");
INSERT INTO AlumnoData VALUES ("14132011881270", "JOSE LUIS", "MARTINEZ ", "OLAGUE ", "1B");
INSERT INTO AlumnoData VALUES ("14132011881271", "ALEJANDRO JOSUE", "ORTIZ ", "MAGADAN ", "1B");
INSERT INTO AlumnoData VALUES ("14132011881272", "FRANCISCO", "PALACIOS", "MURO", "1B");
INSERT INTO AlumnoData VALUES ("14132011881273", "MONSERRATH", "PALAFOX", "BARRIOS ", "1B");
INSERT INTO AlumnoData VALUES ("14132011881274", "JANETTE", "PEREDIA", "RODARTE ", "1B");
INSERT INTO AlumnoData VALUES ("14132011881275", "MARCO ANTONIO", "RAMIREZ ", "BARAJAS ", "1B");
INSERT INTO AlumnoData VALUES ("14132011881276", "CATALINA ", "RAMIREZ", "MARTINEZ ", "1B");
INSERT INTO AlumnoData VALUES ("14132011881277", "DELIA CECILIA", "REVELES ", "RAYGOZA ", "1B");
INSERT INTO AlumnoData VALUES ("14132011881278", "JAVIER", "REYES ", "AVALOS ", "1B");
INSERT INTO AlumnoData VALUES ("14132011881279", "ALMA YARELI", "RIVERA ", "RAMIREZ ", "1B");
INSERT INTO AlumnoData VALUES ("14132011881280", "GERARDO FABIAN", "RODRIGUEZ ", "VILLEGAS ", "1B");
INSERT INTO AlumnoData VALUES ("14132011881281", "MARIA GUADALUPE", "ROJERO", "RAMIREZ ", "1B");
INSERT INTO AlumnoData VALUES ("14132011881282", "NOE ", "ROSALES ", "RODRIGUEZ ", "1B");
INSERT INTO AlumnoData VALUES ("14132011881283", "MARÍA GUADALUPE", "SANDOVAL ", "HERNANDEZ ", "1B");
INSERT INTO AlumnoData VALUES ("14132011881284", "RONALDO GEOVANNI", "SOTO ", "HERNANDEZ ", "1B");
INSERT INTO AlumnoData VALUES ("14132011881285", "ALONDRA LIZBETH", "SOTO ", "SANCHEZ ", "1B");
INSERT INTO AlumnoData VALUES ("14132011881286", "LUIS EDUARDO", "VALDEZ ", "GARCIA ", "1B");
INSERT INTO AlumnoData VALUES ("14132011881287", "PAOLA GUADALUPE", "VALENZUELA ", "MEJIA ", "1B");
INSERT INTO AlumnoData VALUES ("14132011881288", "ALMA LUCERO", "VILLAGRANA ", "LOPEZ ", "1B");
INSERT INTO AlumnoData VALUES ("14132011881289", "JOSE VICENTE ", "VILLEGAS ", "VARGAS ", "1B");
INSERT INTO AlumnoData VALUES ("14132011881290", "CRISTOFER ANTONIO", "ZUÑIGA ", "ORENDAY ", "1B");

INSERT INTO AlumnoData VALUES ("14132011881291", "ALAN IVAN", "AVILA ", "RODRIGUEZ", "1C");
INSERT INTO AlumnoData VALUES ("14132011881292", "DAVID", "AVILA ", "RODRIGUEZ", "1C");
INSERT INTO AlumnoData VALUES ("14132011881293", "VALERIA", "BRISEÑO  ", "LAMAS ", "1C");
INSERT INTO AlumnoData VALUES ("14132011881294", "BRISA GUADALUPE", "BRISEÑO  ", "VARELA", "1C");
INSERT INTO AlumnoData VALUES ("14132011881295", "LUIS DAVID", "CERROS ", "ARENAS", "1C");
INSERT INTO AlumnoData VALUES ("14132011881296", "IVAN ", "CORTEZ ", "MARQUEZ", "1C");
INSERT INTO AlumnoData VALUES ("14132011881297", "BRENDA NOHEMI ", "DE AVILA", "VALENZUELA ", "1C");
INSERT INTO AlumnoData VALUES ("14132011881298", "ALEJANDRINA MONTSERRAT", "DE LA TORRE ", "RODRIGUEZ", "1C");
INSERT INTO AlumnoData VALUES ("14132011881299", "JUAN PABLO ", "ESCOBEDO  ", "CARRILLO ", "1C");
INSERT INTO AlumnoData VALUES ("14132011881300", "JUAN RAMON", "ESCOBEDO ", "CERROS", "1C");
INSERT INTO AlumnoData VALUES ("14132011881301", "HILDA ALEJANDRA", "ESCOBEDO", "", "1C");
INSERT INTO AlumnoData VALUES ("14132011881302", "CARMEN LIZBETH", "ESPARZA ", "DE LOERA", "1C");
INSERT INTO AlumnoData VALUES ("14132011881303", "DIANA CRISTINA", "GARAY", "DE LOERA", "1C");
INSERT INTO AlumnoData VALUES ("14132011881304", "SALVADOR ALEXIS", "GARAY", "ROSALES  ", "1C");
INSERT INTO AlumnoData VALUES ("14132011881305", "CARLOS JACOBO ", "GARCIA", "NAVA", "1C");
INSERT INTO AlumnoData VALUES ("14132011881306", "ARIANA", "GOMEZ", "MARTINEZ", "1C");
INSERT INTO AlumnoData VALUES ("14132011881307", "ERICK CASIMIRO", "GOMEZ", "SALAZAR", "1C");
INSERT INTO AlumnoData VALUES ("14132011881308", "MANUELA ALEJANDRA", "HERNANDEZ ", "", "1C");
INSERT INTO AlumnoData VALUES ("14132011881309", "BLANCA ESTHELA YOSELIN ", "MARQUEZ", "GARCIA", "1C");
INSERT INTO AlumnoData VALUES ("14132011881310", "SONIA", "MARQUEZ", "HERNANDEZ", "1C");
INSERT INTO AlumnoData VALUES ("14132011881311", "JOSE MANUEL ", "MARTINEZ", "ALMAZAN", "1C");
INSERT INTO AlumnoData VALUES ("14132011881312", "ALMA DANIELA ", "MARTINEZ ", "ALVARADO ", "1C");
INSERT INTO AlumnoData VALUES ("14132011881313", "JOSE ALDAIR", "MARTINEZ ", "CARRILLO ", "1C");
INSERT INTO AlumnoData VALUES ("14132011881314", "SAMUEL", "MÉNDEZ", "ESCAREÑO ", "1C");
INSERT INTO AlumnoData VALUES ("14132011881315", "DAMARIS PRISCILA", "MORALES ", "ESPINOZA", "1C");
INSERT INTO AlumnoData VALUES ("14132011881316", "ROMAN ", "MUÑOZ ", "CORVERA ", "1C");
INSERT INTO AlumnoData VALUES ("14132011881317", "JUAN MANUEL", "MURO ", "DE LIRA", "1C");
INSERT INTO AlumnoData VALUES ("14132011881318", "DANIEL ", "OLAGUE ", "LOPEZ", "1C");
INSERT INTO AlumnoData VALUES ("14132011881319", "JUAN CARLOS", "PADILLA ", "AGUAYO ", "1C");
INSERT INTO AlumnoData VALUES ("14132011881320", "CARLOS ADRIÁN", "PUENTES ", "GUERRERO ", "1C");
INSERT INTO AlumnoData VALUES ("14132011881321", "MARLEN", "PUENTES ", "RAMÍREZ", "1C");
INSERT INTO AlumnoData VALUES ("14132011881322", "PERLA", "REYES", "LOPEZ ", "1C");
INSERT INTO AlumnoData VALUES ("14132011881323", "LUIS FERNANDO", "RODRIGUEZ ", "GUTIERREZ ", "1C");
INSERT INTO AlumnoData VALUES ("14132011881324", "JUAN FRANCISCO", "ROMERO ", "RODRÍGUEZ", "1C");
INSERT INTO AlumnoData VALUES ("14132011881325", "BLANCA PAOLA", "ROSALES ", "MEDINA ", "1C");
INSERT INTO AlumnoData VALUES ("14132011881326", "ADAN ", "RUIZ", "ROJAS", "1C");
INSERT INTO AlumnoData VALUES ("14132011881327", "PETRA JACQUELINE", "SALAS ", "ESCAREÑO ", "1C");
INSERT INTO AlumnoData VALUES ("14132011881328", "JUAN MANUEL ", "SAUCEDO ", "MARTINEZ ", "1C");
INSERT INTO AlumnoData VALUES ("14132011881329", "KAREN", "SOLÍS ", "SALDAÑA ", "1C");
INSERT INTO AlumnoData VALUES ("14132011881330", "MARÍA DE LA LUZ", "TORRES ", "GONZÁLEZ", "1C");
INSERT INTO AlumnoData VALUES ("14132011881331", "ROBERTO", "VARGAS ", "AGUAYO ", "1C");
INSERT INTO AlumnoData VALUES ("14132011881332", "GUADALUPE ", "VILLAGRANA ", "MURILLO ", "1C");
INSERT INTO AlumnoData VALUES ("13132011881178", "SAMUEL", "ZAMORA ", "SALAZAR ", "1C");

INSERT INTO AlumnoData VALUES ("14132011881333", "KARINA ", "ALONSO ", "MARTINEZ", "1D");
INSERT INTO AlumnoData VALUES ("14132011881334", "MARIA GUADALUPE ", "ARREAGA  ", "GOMEZ ", "1D");
INSERT INTO AlumnoData VALUES ("14132011881335", "JUANITA", "CAMPOS ", "PIÑÓN", "1D");
INSERT INTO AlumnoData VALUES ("14132011881336", "JOSÉ DE JESÚS", "CARRILLO ", "HERNÁNDEZ ", "1D");
INSERT INTO AlumnoData VALUES ("14132011881337", "GUADALUPE ", "CARRILLO ", "MONTALVO ", "1D");
INSERT INTO AlumnoData VALUES ("14132011881338", "CÉSAR ALEJANDRO", "DE LOERA ", "CARLOS ", "1D");
INSERT INTO AlumnoData VALUES ("14132011881339", "ANALLELY", "DE LOERA ", "VARELA ", "1D");
INSERT INTO AlumnoData VALUES ("14132011881340", "CESAR MANUEL ", "DE SANTIAGO ", "GARCIA ", "1D");
INSERT INTO AlumnoData VALUES ("14132011881341", "KARINA", "DE SANTIAGO ", "PUENTES ", "1D");
INSERT INTO AlumnoData VALUES ("14132011881342", "FÁTIMA VERÓNICA", "ESCALERA ", "MEDINA ", "1D");
INSERT INTO AlumnoData VALUES ("14132011881343", "JOSE TAYDE", "ESCAREÑO ", "AVILA ", "1D");
INSERT INTO AlumnoData VALUES ("14132011881344", "VANESA", "ESQUIVEL ", "ROBLES", "1D");
INSERT INTO AlumnoData VALUES ("14132011881345", "MANUEL ANGEL ", "GALVEZ ", "GALVEZ ", "1D");
INSERT INTO AlumnoData VALUES ("14132011881346", "CINTHYA", "GARAY ", "DEL REAL ", "1D");
INSERT INTO AlumnoData VALUES ("14132011881347", "JUAN CARLOS ", "GOMEZ ", "BELMONTES", "1D");
INSERT INTO AlumnoData VALUES ("14132011881348", "HÉCTOR MANUEL", "GÓMEZ ", "VILLEGAS ", "1D");
INSERT INTO AlumnoData VALUES ("14132011881349", "DIANA ELIZABETH", "GUTIÉRREZ ", "SALDAÑA ", "1D");
INSERT INTO AlumnoData VALUES ("14132011881350", "DOLORES JACQUELIN", "GUZMAN", "RODRIGUEZ ", "1D");
INSERT INTO AlumnoData VALUES ("14132011881351", "GUSTAVO", "HERNÁNDEZ ", "CHÁVEZ ", "1D");
INSERT INTO AlumnoData VALUES ("14132011881352", "GLORIA LIZBETH", "MÁRQUEZ ", "BRISEÑO ", "1D");
INSERT INTO AlumnoData VALUES ("14132011881353", "JOSÉ RODRIGO", "MÁRQUEZ", "ROBLES ", "1D");
INSERT INTO AlumnoData VALUES ("13132011881164", "MARCELA ", "MONTALVO ", "BLANCO ", "1D");
INSERT INTO AlumnoData VALUES ("14132011881354", "JUAN CARLOS ", "MONTALVO", "LOZANO ", "1D");
INSERT INTO AlumnoData VALUES ("14132011881355", "JUAN ANTONIO", "MUÑOZ ", "TORRES ", "1D");
INSERT INTO AlumnoData VALUES ("14132011881356", "LESZLI MONSERRATH", "MURO ", "ALFARO", "1D");
INSERT INTO AlumnoData VALUES ("14132011881357", "EFRAIN ", "ORTEGA ", "CORVERA ", "1D");
INSERT INTO AlumnoData VALUES ("14132011881358", "JAVIER", "ORTIZ ", "RIOS", "1D");
INSERT INTO AlumnoData VALUES ("14132011881359", "MANUEL", "PACHECO", "MARTINEZ", "1D");
INSERT INTO AlumnoData VALUES ("14132011881360", "ANA ISABEL", "PIÑA ", "HERNÁNDEZ", "1D");
INSERT INTO AlumnoData VALUES ("14132011881361", "MARIBEL", "RAMÍREZ", "ALMARAZ", "1D");
INSERT INTO AlumnoData VALUES ("14132011881362", "GABRIELA LIZETH", "RAMIREZ ", "DE LA TORRE", "1D");
INSERT INTO AlumnoData VALUES ("14132011881363", "ADOLFO ÁNGEL", "RAMÍREZ ", "GUTIÉRREZ", "1D");
INSERT INTO AlumnoData VALUES ("14132011881364", "MARÍA GUADALUPE", "RÍOS ", "DE LA ROSA", "1D");
INSERT INTO AlumnoData VALUES ("14132011881365", "ERNESTO", "ROBLES ", "RUIZ ", "1D");
INSERT INTO AlumnoData VALUES ("14132011881366", "VÍCTOR MANUEL", "ROJAS ", "LUNA ", "1D");
INSERT INTO AlumnoData VALUES ("14132011881367", "RONALDO", "ROSALES ", "RODRIGUEZ ", "1D");
INSERT INTO AlumnoData VALUES ("14132011881368", "BLANCA VIANNELY ", "RUIZ ", "ESCOBEDO ", "1D");
INSERT INTO AlumnoData VALUES ("14132011881369", "DAVID ", "SANCHEZ", "ESCAREÑO ", "1D");
INSERT INTO AlumnoData VALUES ("14132011881370", "LUIS MANUEL ", "SANCHEZ ", "IBARRA", "1D");
INSERT INTO AlumnoData VALUES ("14132011881371", "EDUARDO", "SANTANA ", "CABRERA ", "1D");
INSERT INTO AlumnoData VALUES ("14132011881372", "VANESSA", "SOLIS ", "RAMIREZ", "1D");
